order_u,order_v,error_init,error,success,u_coeffs_init,v_coeffs_init,u_coeffs,v_coeffs
1,1,0.027558726702918465,0.0180156693627851,True,"[0.9989458096731625, 0.9995774887273957]","[-1.2703126886028093, 2.0555150362373205]","[0.9989458096731625, 0.9995774887273957]","[-1.2703126886028093, 2.0555150362373205]"
2,2,0.0033737720988229,0.0021396392899520685,True,"[0.3796289427081993, 1.4186084845536278, 1.039243770098227]","[0.40792388354547293, -2.082441392177884, 2.084191466520382]","[0.3796289427081993, 1.4186084845536278, 1.039243770098227]","[0.40792388354547293, -2.082441392177884, 2.084191466520382]"
3,3,0.0008732980901936193,0.0004244122692306031,True,"[0.11329650589983219, 0.9964291258769393, 1.8859227804700491, 1.0028100767788635]","[-0.1133198806438871, 1.2958515678632372, -3.550782176923264, 2.628323088515622]","[0.11329650589983219, 0.9964291258769393, 1.8859227804700491, 1.0028100767788635]","[-0.1133198806438871, 1.2958515678632372, -3.550782176923264, 2.628323088515622]"
4,4,0.0003212605580366641,0.00010302156139853225,True,"[0.019768639560051468, 0.3729016403733391, 1.5841690834832447, 2.22205644298211, 0.9910251262157046]","[0.020000863910796432, -0.48260595753911956, 2.887459153207756, -5.792218083780099, 3.5796475368119762]","[0.019768639560051468, 0.3729016403733391, 1.5841690834832447, 2.22205644298211, 0.9910251262157046]","[0.020000863910796432, -0.48260595753911956, 2.887459153207756, -5.792218083780099, 3.5796475368119762]"
5,5,0.0001429740215347632,3.0491649790593345e-05,True,"[0.0026265908276946084, 0.09895714757597426, 0.8137234511718995, 2.2443995496830955, 2.508049301971643, 0.9810615970179469]","[-0.002637523136609923, 0.11864895964573217, -1.3352401937563376, 5.371671486186515, -8.47287393724492, 4.469677901600968]","[0.0026265908276946084, 0.09895714757597426, 0.8137234511718995, 2.2443995496830955, 2.508049301971643, 0.9810615970179469]","[-0.002637523136609923, 0.11864895964573217, -1.3352401937563376, 5.371671486186515, -8.47287393724492, 4.469677901600968]"
